hgnc_id;start;end;hgnc_symbol;modification;position;guide;old.transcript;old.start;old.end;old.position
53533;1;156;RNA5-8SN5;Um;14;SNORD71;U13369;6623;6779;14
53533;1;156;RNA5-8SN5;Y;55;SNORA72;U13369;6623;6779;55
53533;1;156;RNA5-8SN5;Y;69;SNORA69;U13369;6623;6779;69
53533;1;156;RNA5-8SN5;Gm;75;SNORA96A,SNORA96B;U13369;6623;6779;75
53531;1;1869;RNA18SN5;Am;27;SNORD27;X03205;1;1869;27
53531;1;1869;RNA18SN5;Y;34;SNORA50A,SNORA76;X03205;1;1869;34
53531;1;1869;RNA18SN5;Y;36;SNORA69,SNORA55;X03205;1;1869;36
53531;1;1869;RNA18SN5;Y;93;SNORA75;X03205;1;1869;93
53531;1;1869;RNA18SN5;Am;99;SNORD57;X03205;1;1869;99
53531;1;1869;RNA18SN5;Y;105;SNORA36,SNORA36B,SNORA50,SNORA76;X03205;1;1869;105
53531;1;1869;RNA18SN5;Y;109;SNORA42,SNORA80,SNORA80B;X03205;1;1869;109
53531;1;1869;RNA18SN5;Um;116;SNORD42A,SNORD42B;X03205;1;1869;116
53531;1;1869;RNA18SN5;Y;119;SNORA66;X03205;1;1869;119
53531;1;1869;RNA18SN5;Um;121;SNORD4A,SNORD4B;X03205;1;1869;121
53531;1;1869;RNA18SN5;Am;159;SNORD45A,SNORD45C;X03205;1;1869;159
53531;1;1869;RNA18SN5;Am;166;SNORD44;X03205;1;1869;166
53531;1;1869;RNA18SN5;Um;172;SNORD45A,SNORD45B;X03205;1;1869;172
53531;1;1869;RNA18SN5;Cm;174;unknown;X03205;1;1869;174
53531;1;1869;RNA18SN5;Y;210;SNORA10;X03205;1;1869;210
53531;1;1869;RNA18SN5;Y;218;SNORA31;X03205;1;1869;218
53531;1;1869;RNA18SN5;Y;406;SNORA71A,SNORA71B,SNORA71C,SNORA71D;X03205;1;1869;406
53531;1;1869;RNA18SN5;Um;428;SNORD68;X03205;1;1869;428
53531;1;1869;RNA18SN5;Gm;436;SNORD100;X03205;1;1869;436
53531;1;1869;RNA18SN5;Cm;462;SNORD14A,SNORD14B;X03205;1;1869;462
53531;1;1869;RNA18SN5;Am;468;unknown;X03205;1;1869;468
53531;1;1869;RNA18SN5;Am;484;SNORD16;X03205;1;1869;484
53531;1;1869;RNA18SN5;Gm;509;SNORD11,SNORD11B;X03205;1;1869;509
53531;1;1869;RNA18SN5;Am;512;SNORD70;X03205;1;1869;512
53531;1;1869;RNA18SN5;Cm;517;SNORD56;X03205;1;1869;517
53531;1;1869;RNA18SN5;Y;572;SNORA42,SNORA80,SNORA80B;X03205;1;1869;572
53531;1;1869;RNA18SN5;Am;576;SNORD93;X03205;1;1869;576
53531;1;1869;RNA18SN5;Am;590;SNORD62A,SNORD62B;X03205;1;1869;590
53531;1;1869;RNA18SN5;Gm;601;SNORD85,SNORD103A,SNORD103B;X03205;1;1869;601
53531;1;1869;RNA18SN5;Y;609;SNORA24;X03205;1;1869;609
53531;1;1869;RNA18SN5;Um;627;SNORD65;X03205;1;1869;627
53531;1;1869;RNA18SN5;Gm;644;SNORD54;X03205;1;1869;644
53531;1;1869;RNA18SN5;Y;649;SNORA46;X03205;1;1869;649
53531;1;1869;RNA18SN5;Y;651;SNORA20;X03205;1;1869;651
53531;1;1869;RNA18SN5;Am;668;SNORD36A,SNORD36B;X03205;1;1869;668
53531;1;1869;RNA18SN5;Y;681;unknown;X03205;1;1869;681
53531;1;1869;RNA18SN5;Gm;683;SNORD19,SNORD19B;X03205;1;1869;683
53531;1;1869;RNA18SN5;Y;686;SNORA44;X03205;1;1869;686
53531;1;1869;RNA18SN5;Cm;797;unknown;X03205;1;1869;797
53531;1;1869;RNA18SN5;Um;799;SNORD105,SNORD105B;X03205;1;1869;799
53531;1;1869;RNA18SN5;Y;801;SNORA25;X03205;1;1869;801
53531;1;1869;RNA18SN5;Y;814;SNORA25,SNORA77;X03205;1;1869;814
53531;1;1869;RNA18SN5;Y;815;SNORA28;X03205;1;1869;815
53531;1;1869;RNA18SN5;Y;822;SNORA44;X03205;1;1869;822
53531;1;1869;RNA18SN5;Y;863;SNORA24,SNORA19;X03205;1;1869;863
53531;1;1869;RNA18SN5;Y;866;SNORA28;X03205;1;1869;866
53531;1;1869;RNA18SN5;Gm;867;SNORD98;X03205;1;1869;867
53531;1;1869;RNA18SN5;Y;918;unknown;X03205;1;1869;918
53531;1;1869;RNA18SN5;Y;966;SNORA14A,SNORA14B;X03205;1;1869;966
53531;1;1869;RNA18SN5;Y;1004;SNORA60,SNORA57;X03205;1;1869;1004
53531;1;1869;RNA18SN5;Am;1031;SNORD59A,SNORD59B;X03205;1;1869;1031
53531;1;1869;RNA18SN5;Y;1056;SNORA8;X03205;1;1869;1056
53531;1;1869;RNA18SN5;Y;1081;SNORA8;X03205;1;1869;1081
53531;1;1869;RNA18SN5;Y;1174;SNORA40;X03205;1;1869;1174
53531;1;1869;RNA18SN5;Y;1238;SNORA5A,SNORA5B,SNORA5C;X03205;1;1869;1238
53531;1;1869;RNA18SN5;Y;1244;SNORA36,SNORA36B,SNORA36C;X03205;1;1869;1244
53531;1;1869;RNA18SN5;Y;1248;SNORA13;X03205;1;1869;1248
53531;1;1869;RNA18SN5;Cm;1272;SNORD66;X03205;1;1869;1272
53531;1;1869;RNA18SN5;Um;1288;SNORD66;X03205;1;1869;1288
53531;1;1869;RNA18SN5;Um;1326;SNORD33;X03205;1;1869;1326
53531;1;1869;RNA18SN5;Gm;1328;SNORD32A;X03205;1;1869;1328
53531;1;1869;RNA18SN5;Y;1347;SNORA4;X03205;1;1869;1347
53531;1;1869;RNA18SN5;Y;1367;SNORA15;X03205;1;1869;1367
53531;1;1869;RNA18SN5;Am;1383;unknown;X03205;1;1869;1383
53531;1;1869;RNA18SN5;Cm;1391;SNORD28;X03205;1;1869;1391
53531;1;1869;RNA18SN5;Um;1442;SNORD61;X03205;1;1869;1442
53531;1;1869;RNA18SN5;Y;1445;SNORA67;X03205;1;1869;1445
53531;1;1869;RNA18SN5;Gm;1447;SNORD127;X03205;1;1869;1447
53531;1;1869;RNA18SN5;Gm;1490;SNORD25;X03205;1;1869;1490
53531;1;1869;RNA18SN5;Y;1625;SNORA5A,SNORA5C;X03205;1;1869;1625
53531;1;1869;RNA18SN5;Y;1643;SNORA41;X03205;1;1869;1643
53531;1;1869;RNA18SN5;Um;1668;unknown;X03205;1;1869;1668
53531;1;1869;RNA18SN5;Am;1678;SNORD82;X03205;1;1869;1678
53531;1;1869;RNA18SN5;Y;1692;SNORD70A,SNORD70B,SNORD70C,SNORD70D,SNORD70E;X03205;1;1869;1692
53531;1;1869;RNA18SN5;Cm;1703;SNORD43;X03205;1;1869;1703
53531;1;1869;RNA18SN5;Um;1804;SNORD20;X03205;1;1869;1804
53532;1;5070;RNA28SN5;Am;398;SNORD26;U13369;7935;12969;389
53532;1;5070;RNA28SN5;Am;400;SNORD81;U13369;7935;12969;391
53532;1;5070;RNA28SN5;Gm;1316;SNORD21;U13369;7935;12969;1303
53532;1;5070;RNA28SN5;Am;1326;SNORD18A,SNORD18B,SNORD18C;U13369;7935;12969;1313
53532;1;5070;RNA28SN5;Cm;1340;SNORD104;U13369;7935;12969;1327
53532;1;5070;RNA28SN5;Gm;1522;SNORD2;U13369;7935;12969;1509
53532;1;5070;RNA28SN5;Am;1524;SNORD32A, SNORD32B, SNORD51;U13369;7935;12969;1511
53532;1;5070;RNA28SN5;Am;1534;SNORD77, SNORD80;U13369;7935;12969;1521
53532;1;5070;RNA28SN5;Y;1536;unknown;U13369;7935;12969;1523
53532;1;5070;RNA28SN5;Y;1582;SNORA7A, SNORA7B;U13369;7935;12969;1569
53532;1;5070;RNA28SN5;Gm;1625;SNORD80;U13369;7935;12969;1612
53532;1;5070;RNA28SN5;Y;1677;SNORA56;U13369;7935;12969;1664
53532;1;5070;RNA28SN5;Y;1683;SNORA9;U13369;7935;12969;1670
53532;1;5070;RNA28SN5;Y;1744;SNORA52;U13369;7935;12969;1731
53532;1;5070;RNA28SN5;Y;1779;SNORA47;U13369;7935;12969;1766
53532;1;5070;RNA28SN5;Y;1782;SNORA9;U13369;7935;12969;1769
53532;1;5070;RNA28SN5;Y;1792;SNORA7A,SNORA7B;U13369;7935;12969;1779
53532;1;5070;RNA28SN5;Y;1860;SNORA32;U13369;7935;12969;1847
53532;1;5070;RNA28SN5;Y;1862;unknown;U13369;7935;12969;1849
53532;1;5070;RNA28SN5;Am;1871;SNORD38A,SNORD38B;U13369;7935;12969;1858
53532;1;5070;RNA28SN5;Cm;2351;SNORD24;U13369;7935;12969;2338
53532;1;5070;RNA28SN5;Am;2363;SNORD76;U13369;7935;12969;2350
53532;1;5070;RNA28SN5;Cm;2365;SNORD24;U13369;7935;12969;2352
53532;1;5070;RNA28SN5;Am;2401;SNORD68;U13369;7935;12969;2388
53532;1;5070;RNA28SN5;Um;2415;unknown;U13369;7935;12969;2402
53532;1;5070;RNA28SN5;Cm;2422;SNORD5;U13369;7935;12969;2409
53532;1;5070;RNA28SN5;Gm;2424;SNORD68;U13369;7935;12969;2411
53532;1;5070;RNA28SN5;Y;2508;SNORA61;U13369;7935;12969;2495
53532;1;5070;RNA28SN5;Am;2787;SNORD99;U13369;7935;12969;2774
53532;1;5070;RNA28SN5;Cm;2804;SNORD55;U13369;7935;12969;2791
53532;1;5070;RNA28SN5;Am;2815;SNORD95;U13369;7935;12969;2802
53532;1;5070;RNA28SN5;Cm;2824;SNORD95;U13369;7935;12969;2811
53532;1;5070;RNA28SN5;Um;2837;SNORD34;U13369;7935;12969;2824
53532;1;5070;RNA28SN5;Cm;2861;SNORD50A;U13369;7935;12969;2848
53532;1;5070;RNA28SN5;Gm;2876;SNORD50A;U13369;7935;12969;2863
53532;1;5070;RNA28SN5;Y;3637;SNORA6;U13369;7935;12969;3616
53532;1;5070;RNA28SN5;Y;3639;SNORA19;U13369;7935;12969;3618
53532;1;5070;RNA28SN5;Cm;3701;SNORD88A,SNORD88B,SNORD88C;U13369;7935;12969;3680
53532;1;5070;RNA28SN5;Y;3695;unknown;U13369;7935;12969;3674
53532;1;5070;RNA28SN5;Y;3715;SNORA27;U13369;7935;12969;3694
53532;1;5070;RNA28SN5;Am;3718;SNORD37;U13369;7935;12969;3697
53532;1;5070;RNA28SN5;Am;3724;SNORD36C;U13369;7935;12969;3703
53532;1;5070;RNA28SN5;Y;3730;SNORA19;U13369;7935;12969;3709
53532;1;5070;RNA28SN5;Y;3734;SNORA31;U13369;7935;12969;3713
53532;1;5070;RNA28SN5;Gm;3744;SNORD87;U13369;7935;12969;3723
53532;1;5070;RNA28SN5;Y;3758;SNORA23;U13369;7935;12969;3737
53532;1;5070;RNA28SN5;Am;3760;SNORD46;U13369;7935;12969;3739
53532;1;5070;RNA28SN5;Y;3762;SNORA74A,SNORA74B;U13369;7935;12969;3741
53532;1;5070;RNA28SN5;Y;3764;SNORA74A,SNORA74B;U13369;7935;12969;3743
53532;1;5070;RNA28SN5;Y;3768;unknown;U13369;7935;12969;3747
53532;1;5070;RNA28SN5;Y;3770;unknown;U13369;7935;12969;3749
53532;1;5070;RNA28SN5;Am;3785;SNORD15A,SNORD15B;U13369;7935;12969;3764
53532;1;5070;RNA28SN5;Cm;3808;SNORD104;U13369;7935;12969;3787
53532;1;5070;RNA28SN5;Y;3818;SNORA48;U13369;7935;12969;3797
53532;1;5070;RNA28SN5;Um;3818;SNORD17;U13369;7935;12969;3797
53532;1;5070;RNA28SN5;Y;3822;SNORA54;U13369;7935;12969;3801
53532;1;5070;RNA28SN5;Am;3825;SNORD30;U13369;7935;12969;3804
53532;1;5070;RNA28SN5;Am;3830;SNORD79;U13369;7935;12969;3809
53532;1;5070;RNA28SN5;Cm;3841;SNORD74;U13369;7935;12969;3820
53532;1;5070;RNA28SN5;Y;3844;SNORA58;U13369;7935;12969;3823
53532;1;5070;RNA28SN5;Y;3851;SNORA62;U13369;7935;12969;3830
53532;1;5070;RNA28SN5;Y;3853;SNORA62,SNORA8;U13369;7935;12969;3832
53532;1;5070;RNA28SN5;Am;3867;SNORD92;U13369;7935;12969;3846
53532;1;5070;RNA28SN5;Cm;3869;SNORD53;U13369;7935;12969;3848
53532;1;5070;RNA28SN5;Y;3884;unknown;U13369;7935;12969;3863
53532;1;5070;RNA28SN5;Cm;3887;SNORD47;U13369;7935;12969;3866
53532;1;5070;RNA28SN5;Gm;3899;SNORD12,SNORD12B;U13369;7935;12969;3878
53532;1;5070;RNA28SN5;Y;3920;SNORA3;U13369;7935;12969;3899
53532;1;5070;RNA28SN5;Um;3925;SNORD52;U13369;7935;12969;3904
53532;1;5070;RNA28SN5;Gm;3944;SNORD111,SNORD111B;U13369;7935;12969;3923
53532;1;5070;RNA28SN5;Y;3959;SNORA3;U13369;7935;12969;3938
53532;1;5070;RNA28SN5;Gm;4042;SNORD102;U13369;7935;12969;4020
53532;1;5070;RNA28SN5;Cm;4054;SNORD75;U13369;7935;12969;4032
53532;1;5070;RNA28SN5;Gm;4196;SNORD31;U13369;7935;12969;4166
53532;1;5070;RNA28SN5;Um;4227;SNORD58C;U13369;7935;12969;4197
53532;1;5070;RNA28SN5;Gm;4228;SNORD58A,SNORD58B,SNORD58C;U13369;7935;12969;4198
53532;1;5070;RNA28SN5;Y;4293;SNORA2A,SNORA2B;U13369;7935;12969;4263
53532;1;5070;RNA28SN5;Y;4296;unknown;U13369;7935;12969;4266
53532;1;5070;RNA28SN5;Y;4299;SNORA34;U13369;7935;12969;4269
53532;1;5070;RNA28SN5;Um;4306;SNORD41;U13369;7935;12969;4276
53532;1;5070;RNA28SN5;Y;4312;SNORA2A,SNORA2B,SNORA34;U13369;7935;12969;4282
53532;1;5070;RNA28SN5;Y;4353;unknown;U13369;7935;12969;4323
53532;1;5070;RNA28SN5;Y;4361;SNORA23,SNORA78;U13369;7935;12969;4331
53532;1;5070;RNA28SN5;Gm;4370;SNORD60;U13369;7935;12969;4340
53532;1;5070;RNA28SN5;Gm;4392;SNORD1A,SNORD1B,SNORD1C;U13369;7935;12969;4362
53532;1;5070;RNA28SN5;Y;4403;SNORA65;U13369;7935;12969;4373
53532;1;5070;RNA28SN5;Y;4420;SNORA63;U13369;7935;12969;4390
53532;1;5070;RNA28SN5;Y;4423;SNORA68;U13369;7935;12969;4393
53532;1;5070;RNA28SN5;Y;4431;SNORA21;U13369;7935;12969;4401
53532;1;5070;RNA28SN5;Y;4442;SNORA16A;U13369;7935;12969;4412
53532;1;5070;RNA28SN5;Cm;4456;SNORD49A,SNORD49B;U13369;7935;12969;4426
53532;1;5070;RNA28SN5;Y;4457;SNORA65;U13369;7935;12969;4427
53532;1;5070;RNA28SN5;Y;4471;SNORA1;U13369;7935;12969;4441
53532;1;5070;RNA28SN5;Gm;4494;SNORD69;U13369;7935;12969;4464
53532;1;5070;RNA28SN5;Um;4498;unknown;U13369;7935;12969;4468
53532;1;5070;RNA28SN5;Gm;4499;unknown;U13369;7935;12969;4469
53532;1;5070;RNA28SN5;Y;4500;SNORA21;U13369;7935;12969;4470
53532;1;5070;RNA28SN5;Y;4521;SNORA10;U13369;7935;12969;4491
53532;1;5070;RNA28SN5;Am;4523;SNORD29;U13369;7935;12969;4493
53532;1;5070;RNA28SN5;Y;4531;unknown;U13369;7935;12969;4501
53532;1;5070;RNA28SN5;Cm;4536;SNORD35A,SNORD35B;U13369;7935;12969;4506
53532;1;5070;RNA28SN5;Y;4552;SNORA27,SNORA26;U13369;7935;12969;4522
53532;1;5070;RNA28SN5;Y;4569;SNORA54;U13369;7935;12969;4539
53532;1;5070;RNA28SN5;Am;4571;SNORD63;U13369;7935;12969;4541
53532;1;5070;RNA28SN5;Y;4576;SNORA40;U13369;7935;12969;4546
53532;1;5070;RNA28SN5;Y;4579;unknown;U13369;7935;12969;4549
53532;1;5070;RNA28SN5;Am;4590;SNORD119;U13369;7935;12969;4560
53532;1;5070;RNA28SN5;Gm;4618;SNORD91A,SNORD91B;U13369;7935;12969;4588
53532;1;5070;RNA28SN5;Um;4620;SNORD72;U13369;7935;12969;4590
53532;1;5070;RNA28SN5;Gm;4623;SNORD78;U13369;7935;12969;4593
53532;1;5070;RNA28SN5;Y;4628;SNORA17;U13369;7935;12969;4598
53532;1;5070;RNA28SN5;Y;4636;SNORA81;U13369;7935;12969;4606
53532;1;5070;RNA28SN5;Gm;4637;SNORD121A,SNORD121B;U13369;7935;12969;4607
53532;1;5070;RNA28SN5;Y;4673;SNORA30,SNORA37;U13369;7935;12969;4643
53532;1;5070;RNA28SN5;Y;4689;SNORA17;U13369;7935;12969;4659
53532;1;5070;RNA28SN5;Y;4972;SNORA17;U13369;7935;12969;4937
53532;1;5070;RNA28SN5;Y;4973;SNORA43;U13369;7935;12969;4938
53532;1;5070;RNA28SN5;Y;5001;SNORA22,SNORA33;U13369;7935;12969;4966
53532;1;5070;RNA28SN5;Y;5010;SNORA22,SNORA64;U13369;7935;12969;4975
10120;1;164;RNU1-1;Y;5;SCARNA16;;;;
10120;1;164;RNU1-1;Y;6;SCARNA18;;;;
10120;1;164;RNU1-1;Am;70;SCARNA7;;;;
10142;1;187;RNU2-1;Y;7;SCARNA14;;;;
10142;1;187;RNU2-1;Cm;11;SCARNA2;;;;
10142;1;187;RNU2-1;Gm;19;SCARNA9;;;;
10142;1;187;RNU2-1;Gm;25;SCARNA2;;;;
10142;1;187;RNU2-1;Am;30;SCARNA9;;;;
10142;1;187;RNU2-1;Y;34;SCARNA8;;;;
10142;1;187;RNU2-1;Y;37;SCARNA15;;;;
10142;1;187;RNU2-1;Y;39;SCARNA4;;;;
10142;1;187;RNU2-1;Y;41;SCARNA4;;;;
10142;1;187;RNU2-1;Y;44;SCARNA8;;;;
10142;1;187;RNU2-1;Y;54;SCARNA13;;;;
10142;1;187;RNU2-1;Gm;61;SCARNA2;;;;
10192;1;190;RNU4-1;Cm;8;SCARNA17;;;;
10192;1;190;RNU4-1;Am;65;SCARNA5;;;;
10211;1;116;RNU5A-1;Um;41;SCARNA5;;;;
10211;1;116;RNU5A-1;Y;43;SCARNA11;;;;
10211;1;116;RNU5A-1;Cm;45;SCARNA10;;;;
10211;1;116;RNU5A-1;Y;46;SCARNA10;;;;
10211;1;116;RNU5A-1;Y;46;SCARNA12;;;;
10211;1;116;RNU5A-1;Y;53;SCARNA13;;;;
10227;1;106;RNU6-1;Y;31;SNORA79;;;;
10227;1;106;RNU6-1;Y;40;SCARNA23;;;;
10227;1;106;RNU6-1;Y;40;SCARNA3;;;;
10227;1;106;RNU6-1;Am;47;SNORD7;;;;
10227;1;106;RNU6-1;Am;53;SNORD8;;;;
10227;1;106;RNU6-1;Am;53;SNORD9;;;;
10227;1;106;RNU6-1;Cm;60;SNORD67;;;;
10227;1;106;RNU6-1;Cm;62;SNORD94;;;;
10227;1;106;RNU6-1;Cm;77;SNORD10;;;;
10227;1;106;RNU6-1;Y;86;SNORA79;;;;
19380;1;150;RNU12;Y;19;SCARNA21;;;;
19380;1;150;RNU12;Gm;22;SCARNA17;;;;
19380;1;150;RNU12;Y;28;SCARNA20;;;;
